market,model,IC,ICIR,RankIC,RankICIR,AnnReturn_Gross,AnnReturn_Net,AnnExcess_Gross,AnnExcess_Net,Sharpe,MaxDrawdown,BenchReturn,Turnover
csi300,GRU,0.015221943634231416,0.08551752562332479,0.03577061742347785,0.19577059131641794,0.13061091087553686,0.05253290758372253,0.0583747777946438,-0.01970322549717056,-0.2297849540235785,-0.1815734390373466,0.07223613560199738,0.32858067693490806
csi300,TCN,0.0026046086767503897,0.025227683934539037,0.0010058095952894478,0.008031803388346337,0.07587468360860543,0.018059285547353626,0.003638550527712348,-0.05417684753353946,-0.616508805752589,-0.2836291422295981,0.07223613560199738,0.24348478800423629
csi300,Transformer,0.014232128352147658,0.08734741590510131,0.03073814243092542,0.18636060016636596,0.13450768631282045,0.05612861317255543,0.0622715532319274,-0.016107519908337635,-0.16117220346297165,-0.16942788051010477,0.07223613560199738,0.32983805694036267
csi300,XGBoost,0.013610302007055857,0.09298104162200418,0.0263143510380754,0.17965989940480928,0.16278773218020887,0.08450340670884594,0.09055159909931579,0.01226727362795287,0.1538309094139737,-0.13535605972323833,0.07223613560199738,0.32944497034277453
sp500,GRU,0.003343054058937609,0.026683243810456836,0.005847970648426191,0.044327125418668824,0.1540967845392521,0.07509050178821744,-0.039191817712703705,-0.11819810046373838,-1.1537103175147787,-0.41810987218483026,0.19328859448432922,0.33245120418416096
sp500,TCN,-0.0012795155356864324,-0.014245067557994517,-0.0012570075651070372,-0.011845257696268253,0.08917372520776783,0.014984051282576091,-0.10411487704418795,-0.1783045509693797,-1.7280122232780841,-0.577590021044269,0.19328859448432922,0.31222432307737763
sp500,Transformer,0.0031139257113055414,0.025324812767668226,0.006265391503732343,0.04747637950860158,0.10336800019696339,0.02448079712073129,-0.0899206020549924,-0.1688078051312245,-1.9133582408843324,-0.5813993676177578,0.19328859448432922,0.3319517067743075
sp500,XGBoost,0.0027848833993798327,0.03078816757279716,0.004006788359812468,0.044337971098267266,0.14989378083942798,0.07133931381112579,-0.04339482141252782,-0.12194928844083001,-1.4077773224570058,-0.4195865948353796,0.19328859448432922,0.33055308117485466
